黑镜：潘达斯奈基,['https://movie.douban.com/subject/30414462/'],7.0,36736人评价,['https://img3.doubanio.com/view/photo/s_ratio_poster/public/p2543862640.jpg'],
神奇动物：格林德沃之罪,['https://movie.douban.com/subject/26147417/'],7.2,216867人评价,['https://img1.doubanio.com/view/photo/s_ratio_poster/public/p2538826177.jpg'],
无敌破坏王2：大闹互联网,['https://movie.douban.com/subject/20438964/'],8.2,146510人评价,['https://img3.doubanio.com/view/photo/s_ratio_poster/public/p2537667301.jpg'],
罗马,['https://movie.douban.com/subject/1950330/'],8.1,26051人评价,['https://img3.doubanio.com/view/photo/s_ratio_poster/public/p2537733205.jpg'],
大象席地而坐,['https://movie.douban.com/subject/27172891/'],8.0,53714人评价,['https://img3.doubanio.com/view/photo/s_ratio_poster/public/p2511811355.jpg'],
憨豆特工3,['https://movie.douban.com/subject/27073234/'],6.4,37391人评价,['https://img3.doubanio.com/view/photo/s_ratio_poster/public/p2538352472.jpg'],
调琴师,['https://movie.douban.com/subject/30334073/'],8.7,22272人评价,['https://img3.doubanio.com/view/photo/s_ratio_poster/public/p2544158271.jpg'],
此房是我造,['https://movie.douban.com/subject/26369884/'],7.4,20748人评价,['https://img1.doubanio.com/view/photo/s_ratio_poster/public/p2543305779.jpg'],
巴斯特·斯克鲁格斯的歌谣,['https://movie.douban.com/subject/26952704/'],8.4,31438人评价,['https://img1.doubanio.com/view/photo/s_ratio_poster/public/p2539127687.jpg'],
银魂2,['https://movie.douban.com/subject/27199577/'],7.5,10713人评价,['https://img3.doubanio.com/view/photo/s_ratio_poster/public/p2527126044.jpg'],
